-- phpMyAdmin SQL Dump
-- version 4.7.9
-- https://www.phpmyadmin.net/
--
-- Servidor: 127.0.0.1
-- Tiempo de generación: 12-01-2019 a las 07:59:58
-- Versión del servidor: 10.1.31-MariaDB
-- Versión de PHP: 7.2.3

SET SQL_MODE = "NO_AUTO_VALUE_ON_ZERO";
SET AUTOCOMMIT = 0;
START TRANSACTION;
SET time_zone = "+00:00";


/*!40101 SET @OLD_CHARACTER_SET_CLIENT=@@CHARACTER_SET_CLIENT */;
/*!40101 SET @OLD_CHARACTER_SET_RESULTS=@@CHARACTER_SET_RESULTS */;
/*!40101 SET @OLD_COLLATION_CONNECTION=@@COLLATION_CONNECTION */;
/*!40101 SET NAMES utf8mb4 */;

--
-- Base de datos: `hotel`
--

-- --------------------------------------------------------

--
-- Estructura de tabla para la tabla `catalogo`
--

CREATE TABLE `catalogo` (
  `idcatalogo` int(11) NOT NULL,
  `descripcion` varchar(20) CHARACTER SET utf16 COLLATE utf16_spanish_ci DEFAULT NULL,
  `cantidad` int(11) DEFAULT NULL
) ENGINE=InnoDB DEFAULT CHARSET=latin1;

--
-- Volcado de datos para la tabla `catalogo`
--

INSERT INTO `catalogo` (`idcatalogo`, `descripcion`, `cantidad`) VALUES
(1, 'esta', 3);

-- --------------------------------------------------------

--
-- Estructura de tabla para la tabla `cliente`
--

CREATE TABLE `cliente` (
  `idcliente` int(11) NOT NULL,
  `nombre` varchar(30) CHARACTER SET utf16 COLLATE utf16_spanish_ci DEFAULT NULL,
  `dui` varchar(11) CHARACTER SET utf16 COLLATE utf16_spanish_ci DEFAULT NULL,
  `fechaentrada` varchar(20) DEFAULT NULL,
  `fechasalida` varchar(20) DEFAULT NULL,
  `idhabitacion` int(11) DEFAULT NULL,
  `correo` varchar(20) CHARACTER SET utf16 COLLATE utf16_spanish_ci DEFAULT NULL,
  `region` varchar(25) CHARACTER SET utf16 COLLATE utf16_spanish_ci DEFAULT NULL,
  `celular` varchar(10) CHARACTER SET utf16 COLLATE utf16_spanish_ci DEFAULT NULL,
  `usuario` varchar(45) CHARACTER SET utf16 COLLATE utf16_spanish_ci DEFAULT NULL,
  `contra` varchar(45) CHARACTER SET utf16 COLLATE utf16_spanish_ci DEFAULT NULL,
  `estadoc` tinyint(1) DEFAULT NULL
) ENGINE=InnoDB DEFAULT CHARSET=latin1;

--
-- Volcado de datos para la tabla `cliente`
--

INSERT INTO `cliente` (`idcliente`, `nombre`, `dui`, `fechaentrada`, `fechasalida`, `idhabitacion`, `correo`, `region`, `celular`, `usuario`, `contra`, `estadoc`) VALUES
(6, 'pao', '11111111-1', '2019-01-10', '2019-01-10', 2, '1qsddddd', 'Guatemala', '3333-3333', 'aaaaa', '0', NULL),
(7, 'qwe', '12333333-3', '2019-01-09', '2019-01-08', 3, 'cre', 'Costa Rica', '3333-3333', 'sdd', '0', NULL),
(8, 'qwe', '12333333-3', '2019-01-09', '2019-01-08', 3, 'cre', 'Costa Rica', '3333-3333', 'sdd', '0', NULL),
(9, 'juancho', '22222222-2', '2019-01-15', '2019-01-17', 3, 'ttyy', 'Honduras', '5555-5555', '1sd', '0', NULL),
(10, 'asff', '22222222-2', '2019-01-09', '2019-01-02', 3, 'fghh', 'Guatemala', '4444-4444', '22a', '0', NULL),
(11, 'addd', '22222222-2', '2019-01-18', '2019-01-17', 3, 'qwerr', 'Guatemala', '5555-5555', 'dfff', '0', NULL),
(12, 'aaaa', '33333333-3', '2019-01-12', '2019-01-09', 3, '1qsddddd', 'Guatemala', '3333-3333', 'ddddddddd', '0', NULL),
(13, 'poncho', '66666666-6', '2019-01-17', '2019-01-24', 3, 'dsssd', 'Costa Rica', '5555-5555', 'qerg', '0', NULL),
(14, 'ffrr', '22222222-2', '2019-01-08', '2019-01-15', 2, 'fddff', 'Costa Rica', '3445-5555', '2sddd', '0', NULL);

-- --------------------------------------------------------

--
-- Estructura de tabla para la tabla `contenido_habitacion`
--

CREATE TABLE `contenido_habitacion` (
  `idcontenido` int(11) NOT NULL,
  `idtipo` int(11) DEFAULT NULL,
  `idcatalogo` int(11) DEFAULT NULL
) ENGINE=InnoDB DEFAULT CHARSET=latin1;

-- --------------------------------------------------------

--
-- Estructura de tabla para la tabla `empleado`
--

CREATE TABLE `empleado` (
  `idempleado` int(11) NOT NULL,
  `codigoemp` varchar(15) COLLATE utf8_spanish_ci NOT NULL,
  `nombre` varchar(60) COLLATE utf8_spanish_ci NOT NULL,
  `sexo` varchar(11) COLLATE utf8_spanish_ci NOT NULL,
  `fechanacimiento` varchar(20) COLLATE utf8_spanish_ci NOT NULL,
  `direccion` varchar(100) COLLATE utf8_spanish_ci NOT NULL,
  `dui` varchar(10) COLLATE utf8_spanish_ci NOT NULL,
  `nit` varchar(17) COLLATE utf8_spanish_ci NOT NULL,
  `nseguro` varchar(10) COLLATE utf8_spanish_ci NOT NULL,
  `nafp` varchar(12) COLLATE utf8_spanish_ci NOT NULL,
  `telefono` varchar(9) COLLATE utf8_spanish_ci NOT NULL,
  `fechacontrato` varchar(20) COLLATE utf8_spanish_ci NOT NULL,
  `cargo` int(11) NOT NULL,
  `sueldo` double NOT NULL,
  `usuario` varchar(45) COLLATE utf8_spanish_ci NOT NULL,
  `contra` varchar(45) COLLATE utf8_spanish_ci NOT NULL
) ENGINE=InnoDB DEFAULT CHARSET=utf8 COLLATE=utf8_spanish_ci;

--
-- Volcado de datos para la tabla `empleado`
--

INSERT INTO `empleado` (`idempleado`, `codigoemp`, `nombre`, `sexo`, `fechanacimiento`, `direccion`, `dui`, `nit`, `nseguro`, `nafp`, `telefono`, `fechacontrato`, `cargo`, `sueldo`, `usuario`, `contra`) VALUES
(3, 'BEIjf', 'juan sad', 'MASCULINO', '2000-12-15', 'sad', '23333333-3', '3332-333333-333-3', '2333333333', '233333333333', '23', '2019-01-18', 1, 220, 'BEIjf', 'W3TRS'),
(4, 'wDKTG', 'asd', 'FEMENINO', '2000-12-08', 'asd', '32423423-4', '2342-342352-346-3', '3425223452', '324534252345', '232342342', '2019-01-25', 2, 435, 'wDKTG', 'U4=Wg');

-- --------------------------------------------------------

--
-- Estructura de tabla para la tabla `habitacion`
--

CREATE TABLE `habitacion` (
  `idhabitacion` int(11) NOT NULL,
  `numhabitacion` int(11) DEFAULT NULL,
  `estado` tinyint(1) DEFAULT NULL,
  `idtipohabitacion` int(11) DEFAULT NULL
) ENGINE=InnoDB DEFAULT CHARSET=latin1;

--
-- Volcado de datos para la tabla `habitacion`
--

INSERT INTO `habitacion` (`idhabitacion`, `numhabitacion`, `estado`, `idtipohabitacion`) VALUES
(2, 2, 0, 1),
(3, 12, 0, 1);

-- --------------------------------------------------------

--
-- Estructura de tabla para la tabla `producto`
--

CREATE TABLE `producto` (
  `idproducto` int(11) NOT NULL,
  `descripcion` varchar(30) CHARACTER SET utf16 COLLATE utf16_spanish_ci DEFAULT NULL,
  `precio` int(11) DEFAULT NULL,
  `foto` mediumblob
) ENGINE=InnoDB DEFAULT CHARSET=latin1;

--
-- Volcado de datos para la tabla `producto`
--

INSERT INTO `producto` (`idproducto`, `descripcion`, `precio`, `foto`) VALUES
(2, 'ramen', 13, 0x89504e470d0a1a0a0000000d49484452000000f0000000f008060000003e55e99200001c094944415478daec9dbb8a2347148627e9a4834650899286418902259528e944039d2831ec23e811e611f406136f34387262d8c00fa0cc9161c0b0b0c617d998b5f15566c1f6fa46fb8c3903c755aaaa9ee92ef545ff0f9f2fed963c2bcda773ea3673812008822008822008822008822008822008822008822008822008822008822008822008822008822008822008822008822008822008722679fef2334d5c132f889dc10df18cb800a7e7ec5f00e0e5194b5ad5e0406c89c973bc6e101874cac4296e98032a320406dda159c2aa219be7782d2130085355d525b1216e889d84af6df89e0b0f96bc9018028388b098bbaa7e76c49547e03ba26a99ab737f9f203030c5d54171c3225f1af26e892a027b4c6c416020ab6e3b39f073f1a415b7ce71d89efbfb068101cbdb7a36bcc65b45647feeef1d047e0979ab4879efd3afb8fa46e58ad94af8daa4c7af7b4e14cc94b8e813f77f01fd475791f2c7dfffb0609d734b5cf644da8c48f9b59f13ef3073be961219040675d95591f2cdafbfb140bd61db75c56559d72cec5a08bc32aee54f782f53f178490181c747ebadf39b3ffffa4fda8f7ffaa5fae4f0e6feef2c4eafb8ed506096cba625e966e2c3a0604abe96416054dfa3b997f5fdcfbf76090389199628286f4de1726229c6ceb22557816bb387c742e0e172d946c5fde0cbd72cc5e0d87420702a0495adf4e248754ebcf3167c9fd16e2f3c024f5d8f85c067d83efff8fbdbeaf6d5172cc320399c6a869ae509555955b3126b29bf1c438b7f4ecdb69a59391e9b43e0e171d36076d96c9951853db02cc131ae798f514dcd49b04c5c5b3f08ea688be7622c5ccac74ae921f0998c7f3ffafe671660f0ec4e24f0cc12d39626735660bb1d5ef2bf372511622b08dc4f26dc2e6f8d5344fba7565f6e9d4741c79358259133d61838b04ca49bca2b5aea155ae87e4e52dd562d86679c47232f3319d82c7426244e3d722aa6ce92530281fbc57515291f7efbc3d804be1ae03af0d2d1f6268476cc74f33d563b3ec32c74bfb8ad2286978dc6c4e50905d69e9d58a56727564acc9985b8dfd512977c9ff6b4dca9fc5a98199140e08e2b2f04eee11898614932cf5ee8cc9a49e6892683a96379493bc5b6978b16479e5743e0cec6bcf1b37bfddd98e4bdeb7a6fb42da48d18ab2ae6d8d877cd1c1bcf2acfec754628714f018147d33adbe1fdcd63e17a10c73dc363e2d03db59e030277c784881ede3e89f1ef71c99417ae8c5e9acbb772cd4a43e0016d8bc438f874470be51833c09a481b08bc260a469b1f08e26b509e19e7c591f679f9f0bc10b83bb655ccd8fba031f6b5c7b12b62ee6019d87c9105e49efb269b98a9103d67c15362eef900298f7cc84c21700fb7456243c7ffe49d3cf20491362b9ff3b85efd16d6aedefcfcb5b73fdaf7e69eea9f39ee5d621db8270243e220bb9af2b228de43086181c3e3582dae97e6c60b0f85e7ff9972ab5c303322f154f539041ef30c74b89d1ec298784f6c1ed716db42896a396d41e04c6cba4818b991a3742c2d69b991a301198e139ed518382c329d52ba97391aefbedadf711575d0ecd793f23775e1696995219726caba02332b62e1d95c9112daa8f889eb38e153c171c27ea1abf1e7404c22be8689a87e854790a5a3ad0e08c56d6dfdfdce4a483ef31c274c8819ffb7a9e7cf96f33d398e13f6937d35ee6c23bf7eca3b536c1fe9d30e618288eaad6a7e4dcb63c7091d4b582bd7e92581c671c2feb1a9c69b7dcceacb64d63773f714a2cdb684347f1287b5166c57eda97c2c8e136236fa54adb3ee42988e519e0f948c280d01ebfe54cacc182a249885ee0f13e26e64f26e62be669e237649c7ef6559677dd973c65731da7576183f171a12c7cc3e72e5550e39568e6d87f1092ff1a4c4d2337136f56ce448f083dd87c596380cb4ea6ea38d79e5e48dbddeaacd659a0e51c45a54d48514d2b3169c137303855fad32dc6a7c3d90b1f10b62134d5cbbcd2c8cf5d6558bf22a41d34abc36c4cd8de5ac197eb919182fe131ae6a286fca1215c4dad3c22ef9bef489edf49c485c7f16080cc64db86ae58f5cd755473666947c6dc1c269b9cf59b024548bdd8486c060eca896f61027c4d290962b6bad4a5d9a1b2a5ada3d964160305a8438aaa589a5b2c173e5d6af3a69be9fb980c060a8c4ff26e7e768718929696dd69bc7f0ffb277aeb15154511ce74bbff08120e5d10f164943284989a94662c0d696ae6249c102a28da9801125209a564182101045441445ad22a25813b1221ad18010945863c3fb252f791528a5142ccf521e45c0ebe1e44c733bb3ccdee9dd9d9d993d27f9d376bb59a6ddf9f59c7b1ef732c0ac608ad68a9abdcbd6baacbef4278c282a60805941960c499a46292735b6d7a79e51969b3a48190c302bc8ca30d57c931d86a76931bf3ef5303fcd94444be62c342b11d4de54fa49560285a07241398aa17e9a5c3ee2460e568266a4edc355f914408f95bada1b9144c202dcad704a2668262bf13464caa71579251f7e61f79cf4e2d7e7cacf8b8186823a82dac992228414456f9d945000d32fad122458ac38eb3c28d304708a5a784c6b66abfa061a608697e541887b9820ce47a9b572ca0a4533e1e6cdb0996f1896f7345f06582a0f7568e31a3a3da800e776e39b85e53d55ca00cbdbe030c00c30cb7f00a7182032c00c30cb7f002733c00e017ef7dbb5828d2d86c60033c06c090270aa914d66801960366f1827b11860b658dbf593b5a269f552d4cda6c67801dc5fa185b3835d1d9801664b38bb5cb55ad414f4124772526e093fbf76688f9b00e3a0bf623f749a4d27561203cc9670565bd417c195553726e436c0a98af3bd9976613603cc967086d05ae536c02185f0597e5e3b0698016633012c85d1ae012cefdde5e024c5240698014e78ab3cf18f58fbce540bc090cc720560045175fed87a4c682a03cc0027a45dbb7153aca93d293edb5b2dcaf71f116756568853d39ebe254c6a81b905708ec3125052986d829218608532c3d51debdc149633d86203ef0f878f23bcf011bf8e471db8cfe837776becb0d15e823f95018e60e7cbe76168e5a21062b6e8da99abcde871015ef4c0046fdc00d6f4a0a986f7668019e0c0dbd18b970c7871ed7bcbfe6b040fbcf1fddb29a600a715cdd8a4016fabb533036c6f081340eca6306c678b8e1d387f11c105e1e786dd38be41347d907a3bb955465297b5ed328393586c81b6f5274f1bc92a035e3f036c396294016613014d5661a84cf0e2fa17cc2f0063d715490e91e59ee9342e2331c0221132cd17ffbd2ec07c01b01c2293f2e9eb2469f228871b391c005c7ff98ad8da702e30a21b3ab099e68a833508ef8a9a1346a6d93700936735c0cd301d6d9acfbdd0ce01c69b1e6e88a008ff2005d0f0e79233cd64be011881359f5a683d92349d7ba1d9030739d38c3f23981f014e57d9e09d01e63570a00c80359789fc07b075322999016680836e369966e700ef9bdd537c5972af98382a4b0c1a32500c1eff9ae878ff8856ba7be8787cbc78f25cf1f6e7cb44d5b63dd10638c5485431c0d10118434e08a37d236b881cfc4c33c1eb18e08dafa523b07df286b402f58eac62d1297ba448ce7d46740e8dc5cf4d30cb42a0bf5959292e345dd200d8b2bd4e070638f1925878bd4136805577200161cb1e39a905c04e39a345e787c789ae052f85bd5700627aaebdee7a68b478fe8d8fc5b1fa8636016c0c2a30c0099cc482eb0d34bc72a6d9a941c88b61307ad9fe4f22b4dd1e9d6c079a0cb023bd3abf1c5f5b7153bb2453fdb73f87d0bc060e6aa6195b249d1884b618e6b6803b70822db0fa0093fa3d21bae4bfa8b227963cac9fc65968063850b6ebec05bb4cb36d36f98f9fbfc0d01680421023c1da6550097ae6e4bc6771ed0b42e811c8b609d7d2e48de569a414235c266518fdcd0c70a09258fa8275622032cdb43c500518b3ca949492d6b716a147ee948390c744740d08b13cd04fea2faf771960c19d587eefbea24c33b643c2f5637b24659a5501c6ec3225a8c2ae45e131f4c8b2771d50f8a89832a140fcf8d6236263d9c3a2f6ab9045cb178c178b7efa4d8c99f991e85338de31c45d074f323c70ba5cef6580630330866c7023f9590a6516e5ad85623eab4c518fa34c7378782974b5bef7b82e35c0ed9dff9498f6c240b1b92c571c2b47486d756255a93873adb945bf6cda81302b428cff6fd721af5482da794d5ebb205e0347c91ae694b4da31e44cd974b732cd2ae1bf256c2678c37a5d781cbf9f9a374abcf7dd2ab16f7f9538bc780001aa0cb0453b8fd58947c64d5783b85fd151f8d811d4ce4bc27f3c240658df709b5557b6fda16847bd4c6405f8d7a91946d86c7ebf3174851016bf5f583a5b6c3d5e2faa2f5c14a76a3723983a00cbfa76ed3ad13d344a05e4e50c3003ac635a7b82c1e32e6c7da30ef089777a88eed9c3304435af79218185251db827d0ebee3f7701e13ddddc2c1a8e6fd10438bc37ee573c5105e25206d846414e62c175c515e086a50b639169c60de8c01c035cf45808a10058cd9e17e1a590598617608b01c0a42367cfa9429cc9008757909358785d6ed8e5ba1a7130bfa70c2f7ebd64fb2e842d8a9bacb739d986a1b3b5ce8b9ed8089be72d5986f01e38df281a9aaf1aa0e903ac0f712503cc2174ac0c01ab58b35a544f7e4ad4970cc7130c766fd9207745c57d93751846081b3a1b09ab392f3f24fede5f8500d75fb98270b9013041ac526eca658019e098eca74c755802ccb203860ca0d34cb3fdd637ea83090801b547caa5227cbc60c460b1fd930710e0238d4d08956b0093aaf61e8804f00e0698018e762305824b8d2011bd28754a39de645dd3703e17bcaff9fdc5c7eecc1e2efe9c9f6d008ca1b3eb0093662cac88e88519600638ea7b2ac347e5e752724d25d38cfdcdbab6ebe051bcf9a177d93a7c40a133c08b3a5cbd1e418a19c0faa17439036c92574e6680d7f0dd0671e45555c35bf2acd6b387ae1dda8387b5d96cb2ae32948003f86683913dbcf961ed6bf1bebd43c3105c43f5c736c50f6012b46046f2c21d1960491e391b095fc34f46613142d9d661fb15bfaf15b5457d5b7e07db9e1b84996b29d3ac0b30cef6c2b450b8b52fb6471af0ee5c9085a0c61360f2c2919a3c8632c03104185a0a958f0885e7fa11600c81c98b6a9d8ab077f83dd6da31fc4ec8b401865d2fc286cfc654d1aab90fb600bc6f514edc012645ea9b2e67801960ad21020a73b5f6d6829f3f6c24021e5913606bf619e677e5f7159b36ee1b54d82a7cae5e3cc0130053aba56d369a01e610bacd06251ded0413ad7bc3fe1eeac684a20530ee0a09efb179181f1f2b199bdf0ae09af23c4f004cb25d0733c09cc4d2d9f502218e8601ac367fc87401a6f2515671abf714c26984a06c4a480618c1f310c091bab33219602e23395eb7520699924cda86996763195153d0cb0aaf3ec094c0b2968f96cdca6d8177c7822ccf01fcf8a439b6f5600638c800d3703dcce4625b63e3f78b1016cd76c970355cbb13ecf1847b0dd30618f6b9b28c0d1afb37cbde77f7c26c7701d66fea18ca0007156082173c9a796da9dd2e09e51f0da0dc079886178208f04c0638b8005358aa3f602f87ced42e193880298466801960ef184c048505f8f0d765baed92be0318a68d6c0126f90de05206389800a3975c3fab342cc030f287c3071012abbe963c69e43780f168140036ecf8200c3078b68c44cd1c9cc44a20801130c35b2edefa97d8372ac7d2e1448928a31414713208c095db253d04b07e16fa7ff6eeffa7ca2a8e03387f023f97165b3fb8d6726cb59234a5cce697342a57da56d217cb68b56b596bd592fcc5d96a656d8eacc66ace5a9258520e87bb462062265f142109912feaf52ba15c90044e1f3efb3cdbe17978b8e7e13cf75c8ef773b6f796773e90d317e7cbf339e7147ff0c0d42ce4a0c0e1770c385d000344c4261f394387cdb9df31e3efa5620c67bb9e5c5185abd55064e12e97b411305e2206555789eaa031c7bf9c3b950027aa87ce64c09603966b8a658cf099f2314032fafa8e0e7ce5443d36d629975494d3d70b1f707fc993be193edf14caf7dbf24319fe838733afe42374f0b3a79e5e82708d6f66d0dfdcdfc39558f60396b7e62144e85927bb3101bf4ec547ef125e0a1557e8f788e69f936f1a84bf63f7e561589d051bf911ae9cd3a76aa704e08fb7ed9a08702903b618b07cc81bad0ee367ba5ff344c152bf574fd602a6620e5cb85229a76c6dad360058bb8c32c2806d044cb5c8f21953d0eb26f9d593fd80e1ca50cf3c1886d48821f7d16532603c52e76c7f7fea00d3352c08d53f590cd82ec0b8c8040b4f493def19ca2dfd7606d90c98b6147a87d1d02bbb57a311705bef15f380d5579febf8481dab007b7b5dd84890d403dae9840c5cd0821569db01cb35d1097b61e758d9aebeb859c0eabd6f84015b0218a0caa73922e45434fb01d3be6079359a0217744baf9408301dec1e1b18300358fd40bb1e482603b600300c91e5820be73d2d039ee473ff5eedc33b915cbd30be52a2a365717b21017610eb5fada25f7925a790cf85d6006ca82043bbd7bdf67ba1effbd5eb4d3fa61f606a1b5eccf11eaf43979ac1e778c4cea1c62a07b0eee566e19e4449bd2f03d6006ca80cd275e46af006507dff81c31eddb4050c3713fa5eaf02373620947b56aec52b4511b0d413c371b31a80f5f052227c37920660d36590d4187088cfd1ddc0f20e2555c478c1f7df5fe56a00d6c21be5eb4535001b2a83947b5d069cc4e7de7c768e7c4f921731ddccbf7d7fad0318e7c6b4f11f6fead7024c0b5634e755491603d6006cb80c92011b786ef6c2c5f27cd8bbd9812efa5eb3b1087b6307b093634573117260c0f4aa88569b55539c168009633ea414120d903a3fc077afde241e7b6f6ba859f24e9198b576b313fc7590e7b7fe52c580f59ec3f9302046a874d9b7e71d316efca7def88d0d859efdc3b401020f8487ad88b89fd807302e84951dac73176958893899788b21221d323fb259f4f60d6800d6d81d643b602f626938ed1952e3a21722a21d4c503fedc2ec457d7c67015674fd76e49858f7c577e2f6656b1490dab19095cc9e57a44b6878af05581f86fdcf1162f9ec2c5fc84e8fec042e46c32aae17f217e121f114bc6b387739a20f3dafcfce29852ab928a51412816442324c25295f9486cd229d02c36906acfb1c217ef9b5020402485dd55adea135ec64c28210ea998d66faacbcf1369cf440f26d071c8588340b030eef39dcfc0f35d338a486ded8fdae7822d4b818067b8c2785927e70e0f7a30d161366cfdcdb08ae27f90c9801a72d60bacd10cfd10228d8c306810c0803c3851f18eef977c21f040df3a621583fc40c9801a72d60f9240f828c3d32f48cb41d511f30c1c50d1650a38dcfbaeab37d113f94b3c081aa84d87ec0b4620bf3455bc38053f85c7df5af62f58a79b811421aeee22e26980be3d019a23a84c6636e617f32c2a5467f975ec477cca6ef49b9376791d4fb2a23b61f70f5d136617163c0a97b0e3f777e4fc9ba9958c545abd64a9999f70a9e0802f36b1c9e07f9fb2d999f8df3dd1df7cf70cf7b9511336006cc807d9e39b87e060eb521d8abc29018ffdb896f5307ec41d9bde026d1bb7cba88afbc459c7fe46625c40c980133609f28367dc08477f8b92c39885905310366c00cd830e08d0f3f3806e2e5bc698876b28819300366c00601dfb5b4a05d017020c40c98013360038029a3e592850ec0330b7108ad8d98013360066c083064f4df7731e1c385ab3010336006cc800d014e166206cc8019b001c0c944cc80193003360038998819300366c049046c0231034e0d60fd73a1d54fe448cbe7e0f3899e3302d81462069c02c0dc2c689a804d2266c052ebbe7051d436b7044e7347270366c01260b388a73460c0311954883148bb3e3424f6d73732606eda80951153b556f888ed078c18fbaf0daa5f09dad62e5abb4ff3109a9b36e0a0880169d888ed1f429f3a1b43c82aed4a3c3e0a9ee7c0dc0c003680d876c0f29c76df9973e2fdc38de2f9ca5a8cd3be2fcf14e535b9e2505344b47597606f6d02301c2dcbb13b1a80cd20b61d30decdbba5b955dcb7bb42dcb9738f933180bf2dcb18939ff66589fa13856101e6a4650870ea11675b0b187a5c19ae32601972ec629401733400a71c71d44ac09b1a9a25b0c101cbf9a7ab9801733400a71c71a64d80719e8b50f501cb8819304703704a11e7da0218e7bb00345cc094ce582903e668003680d876c0bb3aba69de1b3a605cadbedadfce8039ca804d23866210bb01d3ca330ea343054ca9aacf0f0d7059e561ce8d9b282423a42823bebe2acbd239704b8d18d9f59910f15ee1b43f2f5c12cbf7558f871757a89d76fce4a7627765b62a62ea85f501c76231ce8d9b282423c42822f6002eb662157ae4f39704fe01de9a23468e948f3bac86206abf0690950043c10703e62801368d78f0995bdd5797664d7dc0f15ecf1f6464d30a212e748d19569f8ef78b440d569b1300c6f7c30c986310b03fe29ec7a7cb78f10079096f9e1d95582d35125e17e4ed1b10789006f35c95613403e698062c238e2052ffe28d6c5b6aa171ee0b58fdf3eacc40802ff5d625040c155a0c98a309583fb4c25c4889b8e1da0f9886d3411a6d704854d8c180399a80cd27195f34f980bf5e27a805ee89a1a745acb0b90117af60d712067ecd80390c1862be07d66fbc88c561c0141373e0400b594397dbc4c05f45e2dad16de2bf937bc5d0b986d1cf183087018f97f057a1bd19d9fb8d32bafe9a4f44eff685be8957bccd80390c9812f67b60ff5eb8a329f181765d0708aa7faefebc8a0173183025ac4a2c35c42d350987cf574a9e9810300caf19308701870af848b98c35e1a2d648d50ec40c191d5ee30f00a70db6944e0878b82fc68039891261c00177230daf5fac8ad8bf6a8b5abcf2c371f1c2fc9817b13889d20ec964c00101d36296569c21f6c8609f7b288dbf86cf193027d1d0390b92c180bd80b55e2951545f39e1eb2319302c7085fd1a2977b23970f458dd1f0d8dc2869cececccc3ffef1b3c325c06acb1a11f2aafb410cbf36158b042bcf1137bf0ca953001eb9cd2f07f7b77acd24a100560d847c85358fb08015f405bab3cc2f6226c6f21b64148a96011d0224d244d0ac5900892c244b0b6d060c07a3c1c32b0042c32c966327bfe031f5c2e17b95ef2efce24779dced3f34cb8441c893dc457c6170d08b8fc888b9f1bcb9d578f5ad13396a207acf11e0897900bebe11070c0c83bd3ba240e5d4a179f27fefc9ee999493b12709658c023ebe11070e8fcfee8be789590f5a77af46f974f2c94bfcb7857026e0b97989af57808d84ff81d5997d6f239f0f2dd567f4f3e46d23ff3cfe8a1671272f4808bfb5ff6c1b012b0ced77c1e7a78992ea165291d3560bfff4d506e3d1e025e7ff49851394234f8844339a33876c059a201f7acc743c01b98ee60e80247efdcb20f8e1d705bb814598f878037b07c1e4ea62e7c741f1c3be059c201d7ad0744c08b91a5ac2e875721f1e969fd6b8c5e00e4421025e0e2fe977d30cc05ecf7bf6b8c5e00e43f75c40ab8e163601f8cf4028e3f7a01900b41ac805b3e06f6c120e0f037c24a0f78f1385a2672ef75fafef1f236712993071b5ac5efc93f00001e660898a0a5b8062c77e2b202f6f18e8433a26e3d2c02de5ac0aaec80337efc0c0838f684079c0b6789f5b008b85a013744cf0aeec0049c6cc0c03695f14509182060020608988041c0044cc0206071985dbae3d366aa081886034e1f018380cb727675efceafbb6eff242760107042016bbc7e6e1e06040c024e29e0e65ddff99137ca62c4dbb3fe624275026e6c391e7d73acf338d678e5d73102ceadbf98509980d548382346a266fdc5844a05ac32d1abb89c78118bf97f0080800110300002060818000103206000040c103000020640c0000103206000040c808001020640c000081800010355f1070f57270610e4dc260000000049454e44ae426082);

-- --------------------------------------------------------

--
-- Estructura de tabla para la tabla `recibo`
--

CREATE TABLE `recibo` (
  `idrecibo` int(11) NOT NULL,
  `codigo` int(11) DEFAULT NULL,
  `formapago` varchar(20) CHARACTER SET utf16 COLLATE utf16_spanish_ci DEFAULT NULL,
  `idcliente` int(11) DEFAULT NULL,
  `fecha` varchar(20) DEFAULT NULL,
  `total` double DEFAULT NULL
) ENGINE=InnoDB DEFAULT CHARSET=latin1;

--
-- Volcado de datos para la tabla `recibo`
--

INSERT INTO `recibo` (`idrecibo`, `codigo`, `formapago`, `idcliente`, `fecha`, `total`) VALUES
(1, 0, NULL, 13, NULL, NULL),
(2, 1, NULL, 14, NULL, NULL);

-- --------------------------------------------------------

--
-- Estructura de tabla para la tabla `reserva`
--

CREATE TABLE `reserva` (
  `idreserva` int(11) NOT NULL,
  `codigo` varchar(10) CHARACTER SET utf16 COLLATE utf16_spanish_ci DEFAULT NULL,
  `nombre` varchar(30) CHARACTER SET utf16 COLLATE utf16_spanish_ci DEFAULT NULL,
  `fechareserva` varchar(20) DEFAULT NULL,
  `adelanto` double DEFAULT NULL,
  `idhabitacion` int(11) DEFAULT NULL
) ENGINE=InnoDB DEFAULT CHARSET=latin1;

--
-- Volcado de datos para la tabla `reserva`
--

INSERT INTO `reserva` (`idreserva`, `codigo`, `nombre`, `fechareserva`, `adelanto`, `idhabitacion`) VALUES
(1, 'sdd', 'poncho', '2019-01-11', 12, 3);

-- --------------------------------------------------------

--
-- Estructura de tabla para la tabla `servicio_cuarto`
--

CREATE TABLE `servicio_cuarto` (
  `idservicio` int(11) NOT NULL,
  `idrecibo` int(11) DEFAULT NULL,
  `idempleado` int(15) DEFAULT NULL,
  `idproducto` int(11) DEFAULT NULL,
  `estado` tinyint(1) DEFAULT NULL
) ENGINE=InnoDB DEFAULT CHARSET=latin1;

--
-- Volcado de datos para la tabla `servicio_cuarto`
--

INSERT INTO `servicio_cuarto` (`idservicio`, `idrecibo`, `idempleado`, `idproducto`, `estado`) VALUES
(3, 1, 4, 2, 1);

-- --------------------------------------------------------

--
-- Estructura de tabla para la tabla `tipo_habitacion`
--

CREATE TABLE `tipo_habitacion` (
  `idtipohabitacion` int(11) NOT NULL,
  `tipohabitacion` varchar(15) CHARACTER SET utf16 COLLATE utf16_spanish_ci DEFAULT NULL,
  `precio` double DEFAULT NULL,
  `foto` mediumblob
) ENGINE=InnoDB DEFAULT CHARSET=latin1;

--
-- Volcado de datos para la tabla `tipo_habitacion`
--

INSERT INTO `tipo_habitacion` (`idtipohabitacion`, `tipohabitacion`, `precio`, `foto`) VALUES
(1, 'Lujo', 300, 0x89504e470d0a1a0a0000000d49484452000000e6000000e60806000000c16af9bb0000000467414d410000b18f0bfc6105000000206348524d00007a26000080840000fa00000080e8000075300000ea6000003a98000017709cba513c00000006624b474400ff00ff00ffa0bda7930000000774494d4507e2040a0b0a363465c47f000016284944415478daed9d6d8c54d779c7ffe7de99dd856517bc18f362c010dbcbcbdac6c4e077c7d06e1c37f1daf2075751645555ab4a6e93564d5d55adfac54955b5aa6ab5aa15254da5449122552a6a121b30c559d5e0c4a006b00deef28e0b31663dfb02fbbe3b33f79ea71f66316b0ceccc997bcfbd67e6ff97f800cc9dbdfbdcf33bcfcb79ee3980fb7a1a8094f9a7b18cef7bb1ccef3a778d6b5fa9e05ea2fa33e7aa7bf8930aaedd6560ef7fabe0fbfff61ad73f5fe6b579d4b13c50f5ac27013c53c1e73703f83d9a8d6052f1eb5f003497f1391fc0bf72cc104cca8e5602f8eb323ef7c70036d25c0493b2a71701acbbc1ff2f01f012cd443029bb6a00f03d00ea3affff4f00e6d34c0493b2af2f00f8da35febd13c057691e824925a797012cb8ca93be42b3104c2a592d06f0ed197fff0b006b6916824925afaf03b81fa56aed5fd21cc9285367bfefeb00f42c9fb9ad8aefff0180b766f9ccd32875bfcca63e00df28e373851826eb5700f4a3bcf54d8a6056addf88f9fbdf9dfe7323ad2ef3bbc6016c4bc84ef7130d86b21445114c8a22981445114caa028d5771ed04cd4730a978f44b00af195cf7430027693e8249c5a73f023054c1e73f06f0e7341bc1a4e2d54728ef95afcbfa06808b341bc1a4e2d7f7307b5304a6c3deffa4b9eca8de1a0c7662f6c2453b800d7564130de00f001c06d0749dcf5c02f042024ea3d3f0da0b008e124cb772aa5fcff29917eb0c4ca054ccf91680bfbbceffff1980de04c6e6cf0daffd0180df67284bd582fe11c0c16bfcfb7f03f811cd4330a964144c7b99e28c7f9b980e7385e6219854723a02e01f66fcfdaf007c40b330c7a492d7df007816c02880efd01c04934a87f2d3e1eb250021cd4130a9f4681f4dc01c93a2288249510493a2288aa2288aa2288aa2288aa2288aa2288aa2288aa2288aa2288aa2288aa2288aa2288aa2288aaa482a0d37f1e1d36b9e57903fe5e3a0929640fdf38ad74efc38e9fb48c5d6220ae243701f870595f8581449c53bcaa9b80981ca7148506990162f47303fb989906052a9902721c1bcac103ec1a452a1a02943302f6bc5c8d23e701b7e2a0559d5c0cd73075291eba6c522e7bbda0701b4716c50096a60f9f6938be8313f2d86b354b2ee12e84b4dae9b22b3104c2ae9f03147303f6b16824925ed3209e667672b8249316a4b1d9802ddc7814125eb1d1473cccf82498f49316abbacd41cc3e789ce89e2512a55d9d0a70d004004106d14b511ccaba5e1e514c754556a5e443201a0302ec88f6a8331a898635e2d5fb32d8f8ac8636ab326b20c028279b5c2e651167fa888c034bb2e3faa59fcb95a2bb69d9f0430ca61452504e6f0ea3d67a708e6b5c57096aa5ada084c4955c44630a91a24d324c74cd7721dc1a46a2f940d4130233629c1a4aace2fa506c65eaac09414b54451ae826986a51230c7bcae71d89647550da6599b8ad063dec8389a605289784c618e79a39bf108265595746806a6e77b04f3ba46d51e734caa3a8f2966a16ca80282793dcd0d8bf4985495b3bb99c76cca3612cceb69e1aed323002639ba28f350d6e8b2c95bb6f58c11cc1b8be12c651eca9af5c9a62e524b23980c6729738f6916ca12ccd9c5b54caa1a324ddcac10cc596d94b22e7fca2d28c5c061a6b1b12575602a86b29471186be80cbcf4819949db0d0924a72c1da9a26e598eec0bdfae8941a9321934df34af66081bfffbaf56ecfe8cbb7e247d5ba7a60e4c4f544e2cedca25531350abd6d4c458f63c0f7e5b6d9cc92423034631a9e996222a851d67a90b65b54d238d0d1b2f7c51318e81914133a04d43d9141e9c9c3a30337e602facd021303e4212d2e63187fb0d2360b350d6a7c79c5da167f7445f19b94412d218ca1a794cb31ca8a81b09e66cbaf5a7c72f0228da9b9d074942eac0347c26661eb3b872e7fb430473d6441c02a0df1e98f498b592631abef2d5a74c7723a92730a7652fb418a1c74c5f8e6933944d67a7592ac1b4d964c01c338da1accde28f10ccb24da52cbe6132729124d442282b621a9012ccb26d6c31bc60f1a7364259d38aac229895184b18cad6ab82226462d852180b88a4f3fddfbaf7981866289baa307674d06a3b9eb0f853be7c09adcd62323664fe54a9182218d38aac21003e8b3fe5cf9a62b1452a0c8131b6e5b99c5f02a6e79558eecd761dcca2ce5a359666389b228f69d85c60986366bd22c12c57ab9a7bfa61b6498499b864929e68c96e281b2ece9c192498654a6d4308c09ac18460d66b8e39383dd6086605a6b6d896c72513f773ccdad81dcf013015bb7fea3294357d49daa0c140d20b6626ad3726404ed91a0cc317e147fd9d07f740c687ed0de86c1685054dee83d9ffebcac78a0062b0f6a93c2198151b0d9283a54db9e2f09861f736e893ef59b5d9d4121f7529a98da3f79c0865adf6cbc69163b6dec4b8d496970d0d0fab95f49e609e5a303d9bc7bec7d0c8aee62f2431b62656d3e3dd537c50728a3da63da3c9e8a5c8dbf2143da64530d31f95d50c98565ba5c210323e1a7128db4662520ea64f8f696034db27fc465c0052f309a635300d8f770fc52398956aa2a0fa607193a4c80b400c65ed4557daf091cfc9f613cc0a75e7aed37900f6160223f6981e8b3f164359a3f97ba8635b4f81609ac9e2162311af65d2635a0453a57a6cd51c984e6fca956d04e634939ad47a4c45304d6573ef9f38dec9e492890d2a4dabb24230cd6d6e71568ba3919d4b26f14fa886e541c550b61a8f69b32d2f0e8f4930635768ba3b9ef4114cf3e4c1628e197dbf2cd7322d784cc3fd648539663537a7ecbe2c2dd12e9bd263da98bbcd9e99e711cc2af2078bfdb24111323116718ec9e24f5ac1d44a134cf3f4c172cb54c46f99d063da00d3ecba8cf209a6a91a8b4d6e9f2ecd1c33fe67169a5e37c2e28fa996bc71641cc0b8bd3c936d79aec9b04f766cd9f60b1304b39a1911f6ba7f225f32618e99d61c3397f6df2b93f61b9c5e085e6de52147ddfdd3d084cc6f7f1da2e3dfbb5a65b2686c6b7416b0e2db3f81ce9d350053a1e29790846046e131aded9617479381ffe4d7ec843e9e87c6367773dae09d37cc9e99d1ee78e90733f5a1acd5d6296efc9cdc046cb09fac68b353a425e57db24e80697747766efc9c94f468e5b6afd5ae1f373ca6c5ddf284a77e2533f54e8e02c57ce5171af6c97a293d45da2930c57623bb084971208c2d794c43efcc50368210c7e64e664111323946521c01d37c773c86b255cbb77de22f0b40f6275f63304d77c7f30966d54e2c6cb09a0ff0accc243ca6d5333131372c12cc6ab572e7fb4300f2d67e203d66ad87b2530b779d1e2198554a0102056bfb7fcaf02049b10de6a8cde28fea73c1269e23cfcedd6d2ca93272cc01c30b4d72ccf45764dd01d3666f2373cc044259339b1bbef24530230c68dd3e2b938a3c94156d767e8610cc28f34cb6e5d5b6c71c3000d3f44c4c82196124ebf03b99d48ded9d9f84e4270dc034ec93552cfe4408a6b0f8436f1989c7f458fc893094158b2d54c50230394e62529c5f02803604d385374b9c01535b6ea1a2d7b4e9314d9b0bcc42595f8504332a353414ece605cc33ed4dba86609a1e5a127a1927c0ccb870938b379c19f8e8507b60eb7ef5073df01a9adcf23c992c74b834fe99fce65b0115dd7c6e1cca9aad6106b76e387e093f2598d1e4982f419fefc22080c5367e5ef01fdf71d2fb8c2df1637e101e5abf7b188870132619b6dac0deaf5e8276e1597a0e8dbb1ca86427c8790b002f5af8cd5f92360865953b63886052e58febd6e837b036ef9335e1520826c1ac3d792dd18369e431b5d90e30ae2c95b805a6421fd148da63de9c0a304df7fa2198b170a9e8316b2d942de6215395efb164dcf563f320e47a01531cca0f0866b9f9a5dd4db8e8316301931e33f1c1123198b677c7f3a00966d4f225648e596339a66903bb699facb67d10723d80193a645486b26582396ad7631675d699319471e54673cb5afa96f48e0a22ed3bb9beb22f7c0baae381e806e1d96328befc4d86b211e49886bd3bb26a62d100c18c589bbe7fa878beabfd12003b67cd15f250cd2dd1799bc52b1c77970a6a5eb4a6370e65cdce2c19547bf6040c6563729cb67e908e7a1b4bc74f9756735b814c366230edbdf2a51c6b50710c4c8b4b26319c2e8dc62677c18ca51dcf5e9fac10cc588787c5bd7f2ec530b8dd3df1d94b49d70fc4f4b05a82191f96707b7f5997c18cc3639aed8ea70cc78e10ccd8bc98cd4db9e2d85fd6e13c5345ddc01e144b07d65a08634bbf80ea2398b181a9dcf6982d0e8319f552c9e8a0d12b22a66b98aef55a3b05a627f65aaa647c0412465c5d9fef728ee9763b9e38d48ee71c98dab7188e8800a343117b1d86b25583191a8e1d7804332e6594e59380230e67dd2efe44dc276b793f595f0504332e05d931bbfbcb465d00628e790530cba16c6138ec27983169c5b6f3930046ad811971f78fcba1acd71a753b9ed53ed9e1d57bce4e11cc7865b1321bb1c774144cd5340fc836a5024ca33e59e5de7e5104f3868327e21cb3b915cacfb807664a9a0b4aa16ce50d06028219ff20b1b92957d46b994a012d0b0826a6d7312b054c003158fb540e6e4be31c98768fe48bbefbc7effa5d78eb3703d9460742d86664eed98a86dffc9d183ca6619facd198716f5b9a8c7b60aa9cb206e660f4606e7d16fed667816201fad461c8d183088f1e809c3b655e728c6c9af6e1af588bccba87e0af7b08993b3745feaad774a208191b32b8ccecc97be2ded6a7ce81596aad123b60c6d12f7b59d98692e75cbf193efe10181b863efe0e74cf01843dbf02067aedb0b868c51510d73d0c35b7257ebb8e5d329a84c4f84c4ca1c78cfda18aee53b0e433c7868130047c3ffe9f356f3ebc4d5be16dda8a0c00e9bf007df40074cf01c8f14390b1916826b6963664da379740ec7814dec265d69fa1b6be3b1e43d9d8e543e5ac057ca281f16120818e1db56819fcc79f81fff8338068c8b953a590f7e841e853874b275f97e5999b90b963e3b4477c08feca75911ea3671689583de10b5a34c18c5ba1f839a5428b83e852f2ad74ca835ab50699556b802f3f0f14f3d0a78eccc84f4f5e298c280ffeca7557c2d33b3e9fba4293799face161b50eeeb0e81c9873c3626e32636fc697e141a8e5b7a7cb08d9c64fe7a72317a14fbe87398b1620b3f601a8e6f9e94e478cfb64cd7ede9cb959e78a3fce2d972cdc757a04c0a44d8f997ab5b621737f27b2f73d917a2801401b1f566be231d5c42ddb7ac608a61db9db644055d1276bd2f5e3e6993704b3163c669d8069f2ca9772f45c5557c1747a8b11826910ca8a59555608a6c5076bb3913d86ee9f7a97c93aa6f11e5c04d39e94d5374c18ca466b505deafca954a169b717734c7bcfd6e65684c30c65237d76634380ae7c1d5a9bee27ebd8b6954e83e9d97cc3646c28f9e6f29aca2f4ddbf1eae7cd1287734c8bc60e43607c944445955f8eda0553433b0966c6c59bf655980bc5de9c5278f99bf0ee7e10fe5d0f40dd7e979da6f65af292f94984270f20e8f92582f7f79aa6a66663051ec1b4e6c4bc4cceb83fcb64509c3b81f0dc09843b7e043436c1bbfd6e78f73e027fe363c0c22524ef5a9eaaff4304c7f62338b217c1b17d40315fdd33306c8f0ec20627734ce5e24d0ba03eea6acf03c8266ec045cbe0addf0caf6333bcbb1e009ae6269393781edada926bb697b14b084efc0ae1b1fd08fef72de88b1f47fafd131735c242c5e16ce1d6ed279b94ad1778ebdd632a40ce03fd0096253e49f45f40b8f755847b5f057c1fea731df0363c027ffd66a8dbda4bfbfcd4a44b0c117e787cda2bee4178e6bd588b644639a6429f8b503a0be665a3439207f3d3317608397504e1a92308f15da0b50d5efb0678f73e0aef9e87a1e6b5bacde2c0790447f795bce2b17d90097b45b1d2ee7815339673d5d61977b9949ca43d121fb9087df04de8836f029e0fb5f28e92275dbf096acdc6d46f652985298467de9d06713fc2733dc9dd8b189d564b30ede7998ead4fe91072f60482b32780d77f0c35af156aed7da5dcf4ee07a1da16a7e336fb3f44f0fe5e0487df4470ea101014927fd61a8601a922984980a9dc4c1fa68b252390cbde14338a48f73e32bdbd6583a5fb9851b4797f2ff4a5f48d656d7c26a6104cdbf244f7096aa7b0f2a92252b611de9df740addf540a7d57ad89d473db2cda4493bb9b76fda08f6032948d4ec53cf4d103c0d103a522d2cd4be177dc0faf633a3fad708bc9cb6b8a49146d92f498428f9980c784ce69675f27ad5003bd57bce98c229277efa350b7777c66d7bb34156d22cb314d4259618e697f16152f0785fad3554524b4b6c1efd80c6fe363c8630861cfdb08cebc0b04c5da09f34dfb64c52798d6a33d9dcd65fd22ea5e231711eedf8d70ff6ee497d4660fafa9c76c6828389b633a1b0bae6aeee987e931a6543d80192ece9c19249896a5b62104c0b798eb217a370373607a8c104ceb703adc724555942c9a5ce5f4d8701a4c2198f511ca9af93d824930a9d89c6528a6fd5d4e8f8d8ccb375f6ab9521cbdb506631108f282625e439b17de09667264aa3e87db65a919a16a50100479419817d313ddaf1a1aaa8f6026e631554e48a67b200aa08b2510838254e3156f90e6083d667239a66628eb4cae088405413025080bd178c51b8f0d4530137bd8f0721e3d663a274d3d0d625e10e4cddbea4ce521249889ddbc14fbb4e369724d79c5e2955c5117924d32b4f6986326a5f1c0cbcdc940c0783621af28080b98f68a92a6d73a65644eb6df65db3a3fa0cf77b50f01984f4c8096b89bd80508032098d2b1156d22d2c5e5db4f2ea4c74c766ac94108666c21613823572c882baf0d38df78e23c9802e414d04e8422f48ac52b451b1db8585c138299b43ca81d02b903c0525265e8158312846928da543fade00894fa77f703c11ad1b9afb47fcef7d1094117804e004dcc31af337a672c6584053139ae324d1a00f02614ba51d4af2fdf75fa7c2d3ccb9aac667ef8dcf2395e61ee23d0e814854e083e8f3aa8dcde08cc994b19066780a4492114de53826e05ec587adfc97deaa5da7b61be2e9619feefcb1d4bb25ef109283c35ed4d6faa753067166dc2bce14ee6e9d10700baa15477d1cbff7cf5cfce0ed5fa98adbbf53f790e7eefc4da7b434f3a954827141e470a4e0d8b42736ef24aeb8a53daf1f0544d40649f28d5ed6bd5bd6ce7f143f5364eeb7e61beefb98e79c5c9fc5651de5300be04e03650f6274ce0a8076c8787ee8982fec59dbb4ee7ebd91eec98b94a338a489d009e04d042abc4a27e007ba0d02d1a3b57ec38f9114d4230cb9bc5b76cc9f4b65c785080a7eaa988149302281c1660871f7adb97ee3cfe8eab675712cc94e9e3676fbf2508338f43a4134017b8763a9b3e29dacc2986bb17ee3a3d429310cc78bde94bf07a0facdd38a388f405000d756e967108f68ba776643cf5ead29f1d3fcb91423093f5a64fdcd31cce997a081a9d023c0d605d1dfcda1a0aef2a41373c740f3564dfead8d653e0682098a9d55545a427503b6fc0f401d80b85ee20e36f5ff59363bd7cda04d3cdb077cb964c6ff3c71b425f7729e0290836c29dad430300ff2350db7dadba59b4219835abdedfba635198f5b74c1791be02e0d694dde227459b46e0bf16bd7662944f8d60d665d8ebf9aa4b69790a0a8f0168b47c0b6328ad296ef7027ff7b2d78f9de3532198d40c5de85a3657bc790fcf68c0bf2f861ff34923383c74f72e6ed9bbe9fb8778a621c1a4cad5c75d6b56074abe385d44fa228005865f9503f016043ba498ddb162770f4f4a23985414ba4603fe165cff65f74908debedc08cea20dc1a4ac85bded378b42a7887a02902f011804f08652b2bb3052fcc5ea3d67a7682537f5ffb30d08a49eb555720000002574455874646174653a63726561746500323031382d30342d31305431313a31303a35342b30303a3030904c722a0000002574455874646174653a6d6f6469667900323031382d30342d31305431313a31303a35342b30303a3030e111ca960000000049454e44ae426082);

-- --------------------------------------------------------

--
-- Estructura de tabla para la tabla `usuario`
--

CREATE TABLE `usuario` (
  `idusuario` int(11) NOT NULL,
  `usuario` varchar(45) COLLATE utf8_spanish_ci DEFAULT NULL,
  `contra` varchar(45) COLLATE utf8_spanish_ci DEFAULT NULL,
  `cargo` varchar(20) COLLATE utf8_spanish_ci DEFAULT NULL
) ENGINE=InnoDB DEFAULT CHARSET=utf8 COLLATE=utf8_spanish_ci;

--
-- Volcado de datos para la tabla `usuario`
--

INSERT INTO `usuario` (`idusuario`, `usuario`, `contra`, `cargo`) VALUES
(1, 'admin', 'admin', NULL),
(2, 'a', 'a', NULL),
(5, 'BEIjf', 'W3TRS', '1'),
(6, 'wDKTG', 'U4=Wg', '2');

--
-- Índices para tablas volcadas
--

--
-- Indices de la tabla `catalogo`
--
ALTER TABLE `catalogo`
  ADD PRIMARY KEY (`idcatalogo`);

--
-- Indices de la tabla `cliente`
--
ALTER TABLE `cliente`
  ADD PRIMARY KEY (`idcliente`),
  ADD KEY `fk_idhabitacion` (`idhabitacion`);

--
-- Indices de la tabla `contenido_habitacion`
--
ALTER TABLE `contenido_habitacion`
  ADD PRIMARY KEY (`idcontenido`),
  ADD KEY `fk_idtipo` (`idtipo`),
  ADD KEY `fk_idcatalogo` (`idcatalogo`);

--
-- Indices de la tabla `empleado`
--
ALTER TABLE `empleado`
  ADD PRIMARY KEY (`idempleado`);

--
-- Indices de la tabla `habitacion`
--
ALTER TABLE `habitacion`
  ADD PRIMARY KEY (`idhabitacion`),
  ADD KEY `fk_idtipohabitacion` (`idtipohabitacion`);

--
-- Indices de la tabla `producto`
--
ALTER TABLE `producto`
  ADD PRIMARY KEY (`idproducto`);

--
-- Indices de la tabla `recibo`
--
ALTER TABLE `recibo`
  ADD PRIMARY KEY (`idrecibo`),
  ADD KEY `fk_idcliente` (`idcliente`);

--
-- Indices de la tabla `reserva`
--
ALTER TABLE `reserva`
  ADD PRIMARY KEY (`idreserva`),
  ADD KEY `fk_idh` (`idhabitacion`);

--
-- Indices de la tabla `servicio_cuarto`
--
ALTER TABLE `servicio_cuarto`
  ADD PRIMARY KEY (`idservicio`),
  ADD KEY `fk_idrecibo` (`idrecibo`),
  ADD KEY `fk_idproducto` (`idproducto`),
  ADD KEY `fk_idempleado` (`idempleado`);

--
-- Indices de la tabla `tipo_habitacion`
--
ALTER TABLE `tipo_habitacion`
  ADD PRIMARY KEY (`idtipohabitacion`);

--
-- Indices de la tabla `usuario`
--
ALTER TABLE `usuario`
  ADD PRIMARY KEY (`idusuario`);

--
-- AUTO_INCREMENT de las tablas volcadas
--

--
-- AUTO_INCREMENT de la tabla `catalogo`
--
ALTER TABLE `catalogo`
  MODIFY `idcatalogo` int(11) NOT NULL AUTO_INCREMENT, AUTO_INCREMENT=2;

--
-- AUTO_INCREMENT de la tabla `cliente`
--
ALTER TABLE `cliente`
  MODIFY `idcliente` int(11) NOT NULL AUTO_INCREMENT, AUTO_INCREMENT=15;

--
-- AUTO_INCREMENT de la tabla `contenido_habitacion`
--
ALTER TABLE `contenido_habitacion`
  MODIFY `idcontenido` int(11) NOT NULL AUTO_INCREMENT;

--
-- AUTO_INCREMENT de la tabla `empleado`
--
ALTER TABLE `empleado`
  MODIFY `idempleado` int(11) NOT NULL AUTO_INCREMENT, AUTO_INCREMENT=5;

--
-- AUTO_INCREMENT de la tabla `habitacion`
--
ALTER TABLE `habitacion`
  MODIFY `idhabitacion` int(11) NOT NULL AUTO_INCREMENT, AUTO_INCREMENT=4;

--
-- AUTO_INCREMENT de la tabla `producto`
--
ALTER TABLE `producto`
  MODIFY `idproducto` int(11) NOT NULL AUTO_INCREMENT, AUTO_INCREMENT=3;

--
-- AUTO_INCREMENT de la tabla `recibo`
--
ALTER TABLE `recibo`
  MODIFY `idrecibo` int(11) NOT NULL AUTO_INCREMENT, AUTO_INCREMENT=3;

--
-- AUTO_INCREMENT de la tabla `reserva`
--
ALTER TABLE `reserva`
  MODIFY `idreserva` int(11) NOT NULL AUTO_INCREMENT, AUTO_INCREMENT=2;

--
-- AUTO_INCREMENT de la tabla `servicio_cuarto`
--
ALTER TABLE `servicio_cuarto`
  MODIFY `idservicio` int(11) NOT NULL AUTO_INCREMENT, AUTO_INCREMENT=4;

--
-- AUTO_INCREMENT de la tabla `tipo_habitacion`
--
ALTER TABLE `tipo_habitacion`
  MODIFY `idtipohabitacion` int(11) NOT NULL AUTO_INCREMENT, AUTO_INCREMENT=2;

--
-- AUTO_INCREMENT de la tabla `usuario`
--
ALTER TABLE `usuario`
  MODIFY `idusuario` int(11) NOT NULL AUTO_INCREMENT, AUTO_INCREMENT=7;

--
-- Restricciones para tablas volcadas
--

--
-- Filtros para la tabla `cliente`
--
ALTER TABLE `cliente`
  ADD CONSTRAINT `fk_idhabitacion` FOREIGN KEY (`idhabitacion`) REFERENCES `habitacion` (`idhabitacion`);

--
-- Filtros para la tabla `contenido_habitacion`
--
ALTER TABLE `contenido_habitacion`
  ADD CONSTRAINT `fk_idcatalogo` FOREIGN KEY (`idcatalogo`) REFERENCES `catalogo` (`idcatalogo`),
  ADD CONSTRAINT `fk_idtipo` FOREIGN KEY (`idtipo`) REFERENCES `tipo_habitacion` (`idtipohabitacion`);

--
-- Filtros para la tabla `habitacion`
--
ALTER TABLE `habitacion`
  ADD CONSTRAINT `fk_idtipohabitacion` FOREIGN KEY (`idtipohabitacion`) REFERENCES `tipo_habitacion` (`idtipohabitacion`);

--
-- Filtros para la tabla `recibo`
--
ALTER TABLE `recibo`
  ADD CONSTRAINT `fk_idcliente` FOREIGN KEY (`idcliente`) REFERENCES `cliente` (`idcliente`);

--
-- Filtros para la tabla `reserva`
--
ALTER TABLE `reserva`
  ADD CONSTRAINT `fk_idh` FOREIGN KEY (`idhabitacion`) REFERENCES `habitacion` (`idhabitacion`);

--
-- Filtros para la tabla `servicio_cuarto`
--
ALTER TABLE `servicio_cuarto`
  ADD CONSTRAINT `fk_idempleado` FOREIGN KEY (`idempleado`) REFERENCES `empleado` (`idempleado`) ON DELETE CASCADE ON UPDATE CASCADE,
  ADD CONSTRAINT `fk_idproducto` FOREIGN KEY (`idproducto`) REFERENCES `producto` (`idproducto`),
  ADD CONSTRAINT `fk_idrecibo` FOREIGN KEY (`idrecibo`) REFERENCES `recibo` (`idrecibo`);
COMMIT;

/*!40101 SET CHARACTER_SET_CLIENT=@OLD_CHARACTER_SET_CLIENT */;
/*!40101 SET CHARACTER_SET_RESULTS=@OLD_CHARACTER_SET_RESULTS */;
/*!40101 SET COLLATION_CONNECTION=@OLD_COLLATION_CONNECTION */;
